Mô tả,Nhãn
Điện thoại iPhone 14 Pro Max 256GB chính hãng VN/A camera siêu nét,Điện thoại
Samsung Galaxy S23 Ultra 5G pin trâu màn hình lớn bút S-Pen,Điện thoại
Điện thoại Xiaomi Redmi Note 12 giá rẻ cấu hình tốt chơi game mượt,Điện thoại
Điện thoại OPPO Reno8 T 5G camera chụp chân dung sắc nét,Điện thoại
Apple iPhone 13 128GB màu hồng thiết kế đẹp hiệu năng cao,Điện thoại
Điện thoại Vivo V27e thiết kế thời thượng sạc nhanh,Điện thoại
Điện thoại Samsung Galaxy Z Flip 4 màn hình gập cao cấp,Điện thoại
Smartphone realme C55 camera 64MP bộ nhớ 128GB,Điện thoại
Google Pixel 7 Pro 128GB quốc tế camera AI cực đỉnh,Điện thoại
Điện thoại Asus ROG Phone 7 chuyên game tản nhiệt tốt,Điện thoại
Laptop Dell XPS 15 core i7 mỏng nhẹ hiệu năng cao đồ họa tốt,Máy tính
MacBook Pro M2 2022 RAM 16GB ổ cứng 512GB SSD render video,Máy tính
PC Gaming Asus ROG card đồ họa RTX 4070 mạnh mẽ chiến mọi game,Máy tính
Laptop HP Pavilion 14 core i5 màn hình viền mỏng học tập văn phòng,Máy tính
Laptop Lenovo ThinkPad T14 phím gõ êm độ bền đạt chuẩn quân đội,Máy tính
Laptop Acer Nitro 5 Eagle i5 11400H GTX 1650 144Hz giá rẻ,Máy tính
MacBook Air M1 8GB 256GB màu bạc mỏng nhẹ pin cực lâu,Máy tính
Máy tính để bàn Apple Mac mini M2 thiết kế nhỏ gọn,Máy tính
Màn hình máy tính Dell UltraSharp 27 inch 4K đồ họa chuyên nghiệp,Máy tính
Card màn hình VGA Gigabyte RTX 3060 12GB tối ưu chơi game,Máy tính
Áo thun nam cotton tay ngắn form rộng phong cách trẻ trung,Thời trang
Đầm dạ hội nữ dáng dài màu đỏ sang trọng dự tiệc,Thời trang
Quần jean nam ống rộng Hàn Quốc ống đứng denim cao cấp,Thời trang
Áo khoác gió nữ chống thấm nước thể thao mùa đông,Thời trang
Áo sơ mi trắng nam dài tay công sở thanh lịch,Thời trang
Váy xòe hoa nhí phong cách vintage dễ thương đi biển,Thời trang
Quần tây nữ cạp cao ống loe tôn dáng công sở,Thời trang
Giày sneaker thể thao nam nữ đế cao êm chân trắng cổ thấp,Thời trang
Túi xách nữ da thật đeo chéo thời trang cao cấp,Thời trang
Mũ lưỡi trai nam nữ thêu chữ cá tính unisex,Thời trang
Son môi MAC màu đỏ ruby quyến rũ lâu trôi dưỡng ẩm,Mỹ phẩm
Kem chống nắng La Roche-Posay kiềm dầu tốt cho da mụn,Mỹ phẩm
Sữa rửa mặt Cerave dành cho da nhạy cảm không tạo bọt,Mỹ phẩm
Nước tẩy trang Bioderma hồng làm sạch sâu dịu nhẹ,Mỹ phẩm
Serum B5 phục hồi da cấp ẩm Obagi chuyên sâu,Mỹ phẩm
Toner hoa hồng cân bằng độ ẩm làm dịu da se khít lỗ chân lông,Mỹ phẩm
Kem dưỡng ẩm Neutrogena Aqua Gel cấp nước mịn màng,Mỹ phẩm
Mặt nạ giấy dưỡng trắng da Mediheal tinh chất lô hội,Mỹ phẩm
Phấn phủ dạng bột kiềm dầu Innisfree tự nhiên,Mỹ phẩm
Sữa tắm dưỡng thể trắng da hương nước hoa quyến rũ,Mỹ phẩm
Nồi chiên không dầu Philips 5 lít bảo hành 2 năm chống dính,Đồ gia dụng
Máy xay sinh tố Panasonic đa năng công suất lớn tự ngắt,Đồ gia dụng
Robot hút bụi lau nhà thông minh Xiaomi tự động sạc pin,Đồ gia dụng
Nồi cơm điện tử Cuckoo 1.8L lòng nồi chống dính giữ nhiệt tốt,Đồ gia dụng
Bếp từ đôi Sunhouse mặt kính cường lực chịu nhiệt inverter,Đồ gia dụng
Tủ lạnh Inverter Samsung 300 lít tiết kiệm điện ngăn đông mềm,Đồ gia dụng
Máy giặt cửa trước LG Inverter 9kg giặt hơi nước diệt khuẩn,Đồ gia dụng
Smart Tivi Sony 4K 55 inch viền mỏng âm thanh vòm sống động,Đồ gia dụng
Lò vi sóng Sharp 20 lít có nướng rã đông nhanh chóng,Đồ gia dụng
Máy lọc không khí Daikin khử mùi diệt khuẩn tạo ẩm,Đồ gia dụng
